postcode,epc,hpr
DA1 1NS,72.9,0.96
DA10 1BT,83.9,1.07
DA9 9UL,83.4,0.97
DA2 7SB,57.7,0.71
DA2 6JG,61.4,0.8
DA1 3AE,58.0,0.65
DA11 9AZ,81.4,1.02
DA10 0DZ,64.7,0.88
DA2 6FH,77.6,1.12
DA2 7WY,77.5,1.03
DA2 6FF,78.8,1.09
DA9 9NE,61.9,0.85
DA10 1DW,85.1,1.15
DA1 1LU,59.6,0.86
DA2 7BJ,66.8,1.01
DA1 2QQ,61.5,0.7
DA1 3EG,57.9,0.69
DA9 9UA,85.3,1.09
DA3 7AS,54.3,0.72
DA1 5GD,80.2,1.11
DA10 0BA,66.1,0.93
DA1 2BX,58.6,0.69
DA1 2BG,59.7,0.63
DA10 0DQ,58.1,0.69
DA10 1DB,83.7,1.16
DA1 5QY,82.8,1.18
DA9 9PW,67.5,0.96
DA2 7LG,60.8,0.85
DA1 1TG,50.3,0.58
DA3 7AZ,81.1,1.09
DA9 9QJ,64.9,0.96
DA1 2LB,68.0,0.83
DA1 2SX,53.4,0.66
DA5 2EB,52.4,0.71
DA5 2JB,59.3,0.86
DA1 3DJ,59.4,0.63
DA9 9GW,74.0,1.02
DA4 9EN,61.7,0.86
DA10 1EH,84.5,1.15
DA1 5DA,63.3,0.84
DA2 6JA,67.4,0.93
DA2 6AZ,58.2,0.7
DA1 5NP,70.0,0.94
DA2 7JT,75.2,0.93
DA1 2ER,73.5,0.96
DA2 7EQ,48.5,0.68
DA9 9PR,67.4,0.89
DA3 7QR,51.3,0.73
DA1 5AU,62.2,0.64
DA1 5EG,79.7,1.0
DA1 5UT,83.8,1.13
DA2 7SW,52.2,0.72
DA1 1YY,53.8,0.67
DA1 5DJ,68.0,0.87
DA1 2RJ,58.6,0.74
DA1 2FE,81.8,1.12
DA3 7BA,82.4,1.16
DA5 2JL,62.8,0.74
DA4 9HB,62.0,0.72
DA4 9EJ,61.8,0.85
DA9 9RY,77.9,1.01
DA1 2QU,61.6,0.73
DA9 9XN,82.3,1.08
DA9 9DL,58.8,0.69
DA9 9TB,82.0,1.02
DA1 2XJ,77.6,1.01
DA2 8BW,62.8,0.89
DA2 7BY,57.6,0.81
DA2 7JY,60.7,0.77
DA1 2XA,71.8,0.87
DA1 5XP,84.7,1.08
DA1 1XS,58.2,0.64
DA2 6LF,61.5,0.79
DA10 0ES,63.5,0.81
DA10 0HG,62.3,0.68
DA2 7PQ,58.6,0.85
DA1 5EX,66.0,0.94
DA10 0BB,59.1,0.66
DA2 7JS,65.8,0.92
DA1 5LL,68.2,0.92
DA1 2FH,84.4,1.1
DA1 2NX,54.3,0.64
DA1 3JS,58.2,0.73
DA1 1UJ,60.8,0.65
DA2 6FP,82.8,1.18
DA1 2RA,63.8,0.87
DA9 9QA,64.0,0.95
DA1 1XJ,57.8,0.61
DA1 5JF,73.6,0.94
DA9 9DZ,66.7,0.91
DA1 5WX,86.1,1.07
DA2 6HY,70.6,0.96
DA1 5GJ,78.2,1.06
DA1 5ER,67.5,0.99
DA1 2JS,63.9,0.79
DA1 3JZ,54.2,0.68
DA1 1JR,78.2,1.07
DA10 1EG,86.6,1.09
DA2 6AB,55.1,0.77
DA1 5SY,83.7,1.16
DA10 0HT,61.3,0.71
DA4 9BE,61.5,0.79
DA10 1AQ,84.0,1.18
DA9 9JF,61.7,0.71
DA1 5XG,85.2,1.08
DA1 5RP,82.6,1.16
DA13 9QW,66.8,0.99
DA10 1EF,84.2,1.18
DA1 5NF,76.5,0.93
DA3 7PJ,55.9,0.71
DA1 3DU,63.0,0.68
DA1 5TL,82.9,1.08
DA1 3EA,57.2,0.68
DA1 5GN,80.6,1.03
DA1 2RZ,72.9,0.96
DA1 2DF,70.5,0.96
DA4 9EU,65.0,0.8
DA1 3HX,47.4,0.61
DA1 2TS,52.0,0.79
DA1 5TZ,84.7,1.18
DA2 6LW,61.2,0.82
DA1 3DP,57.3,0.65
DA1 5NX,68.2,0.81
DA1 5SS,68.1,0.94
DA1 5LP,67.3,0.94
DA1 5UP,84.8,1.18
DA2 6FE,86.5,1.1
DA1 3HN,57.6,0.73
DA1 1LB,59.3,0.72
DA2 6GY,82.8,1.02
DA10 0BD,70.4,0.99
DA3 7LH,58.8,0.9
DA2 8DD,78.4,1.03
DA1 5QT,65.5,0.99
DA1 5DT,74.6,0.96
DA10 1AY,83.5,1.08
DA1 3NQ,56.3,0.72
DA1 2TH,67.0,0.91
DA1 5UG,84.8,1.18
DA2 7WF,70.0,1.01
DA1 3EJ,51.4,0.64
DA2 7BW,61.8,0.67
DA1 1XR,56.0,0.73
DA9 9RW,78.2,1.0
DA1 1DE,63.0,0.65
DA1 5TX,85.7,1.18
DA5 2JF,53.6,0.75
DA9 9HZ,63.8,0.69
DA9 9EQ,66.8,0.83
DA2 6JE,59.6,0.67
DA1 3AD,63.3,0.68
DA9 9AB,59.2,0.61
DA1 1UA,58.4,0.66
DA1 5JW,66.9,0.89
DA11 9BH,60.5,0.73
DA9 9EN,67.5,0.88
DA1 5NS,61.8,0.85
DA2 7PU,61.1,0.74
DA1 2TX,59.9,0.88
DA2 7RZ,56.5,0.72
DA10 0JG,64.7,0.89
DA9 9UY,83.2,1.07
DA9 9FL,69.0,0.98
DA1 2SB,61.1,0.77
DA1 1NQ,72.6,1.03
DA2 6FR,86.1,1.14
DA5 2EX,62.8,0.85
DA1 5UU,85.3,1.14
DA10 1DS,86.0,1.14
DA2 6GB,74.5,1.04
DA10 1DA,84.0,1.17
DA5 2EN,60.4,0.87
DA10 1EQ,82.6,1.09
DA1 1XD,57.5,0.77
DA1 2GE,77.2,1.01
DA10 0HE,64.2,0.82
DA10 1FF,84.3,1.17
DA1 1UW,57.9,0.68
DA5 2ER,63.7,0.85
DA2 7AG,55.9,0.7
DA3 7AW,81.0,1.16
DA2 6BN,69.9,0.74
DA1 2RG,62.5,0.77
DA10 1AS,83.3,1.1
BR8 7PF,53.5,0.8
DA1 2TW,59.9,0.7
DA2 7PB,61.3,0.86
DA1 2NF,72.0,1.01
DA10 1FU,84.0,1.18
DA3 7AY,82.0,1.17
DA1 5DQ,61.2,0.76
DA1 1YF,57.3,0.67
DA1 1SB,54.4,0.63
DA1 1XN,57.1,0.79
DA1 5BA,62.4,0.69
DA1 2AA,78.9,0.99
DA9 9UH,80.9,1.04
DA3 7NL,62.1,0.91
DA1 5RG,83.3,1.16
DA1 3EQ,56.0,0.66
DA2 7PG,58.4,0.88
DA1 5EY,69.7,0.93
DA1 5JQ,74.6,1.01
DA10 0LX,66.1,0.89
DA1 3AA,56.5,0.68
DA2 6RQ,67.7,0.9
DA1 3LU,55.3,0.64
DA2 6HL,60.3,0.98
DA9 9EW,57.1,0.67
DA1 5LB,74.7,0.98
DA1 5AZ,57.2,0.61
DA1 5QU,81.8,1.12
DA1 3HP,55.1,0.68
DA2 7BF,84.2,1.15
DA10 0ND,67.3,0.97
DA2 7HG,57.0,0.79
DA1 2FA,84.1,1.09
DA9 9HX,83.2,1.04
DA5 2HN,61.4,0.81
DA9 9UJ,83.8,1.05
DA9 9UP,83.8,1.06
DA9 9RX,77.7,1.01
DA1 3LZ,56.2,0.65
DA9 9DA,60.4,0.73
DA2 6PA,78.0,1.05
DA10 1EJ,83.1,1.18
DA2 6RR,66.9,0.89
DA9 9UG,86.9,1.08
DA2 6ET,62.1,0.84
DA1 5RQ,81.8,1.09
DA2 7QG,69.3,1.02
DA9 9JN,70.9,1.0
DA1 2TY,64.3,0.88
DA1 5PW,70.4,0.97
DA9 9TU,78.8,1.1
DA1 5AQ,60.4,0.67
DA9 9XX,85.0,1.18
DA1 5FP,83.1,1.11
DA1 1UG,71.0,1.0
DA1 5LZ,65.2,0.94
DA1 2TU,61.0,0.79
DA2 7JL,64.7,0.91
DA2 7HX,63.6,0.79
DA1 2RF,74.1,0.97
DA1 5UB,83.7,1.18
DA1 3EX,58.5,0.68
DA1 1UT,59.6,0.72
DA3 7JF,55.4,0.75
DA1 3JU,59.9,0.85
DA1 5JH,70.8,0.92
DA2 6SF,71.1,0.97
DA3 7PF,55.2,0.81
DA9 9LR,28.0,0.81
DA9 9WX,88.5,1.18
DA2 7LL,66.1,0.95
DA10 0DY,70.7,0.94
DA10 0NH,71.5,0.9
DA1 3BZ,58.3,0.71
DA9 9DY,68.1,0.92
DA2 6HU,68.0,0.87
DA1 1BH,82.6,1.09
DA1 5EP,71.3,0.93
DA1 1PU,58.1,0.7
DA1 3EH,58.0,0.62
DA1 1TH,62.6,0.69
DA5 2JG,61.6,0.69
DA1 5XN,85.1,1.07
DA2 6ES,63.2,0.78
DA1 2AU,61.9,0.83
DA1 1HP,54.6,0.7
DA1 2QY,59.1,0.71
DA10 1BP,84.7,1.08
DA1 3LW,55.2,0.68
DA1 1SU,57.2,0.68
DA11 9AQ,77.3,1.0
DA9 9PJ,67.1,0.98
DA1 1TQ,50.8,0.59
DA1 5SF,81.9,1.08
DA1 1YG,58.9,0.66
DA1 5JR,66.9,0.97
DA1 3JX,53.4,0.69
DA1 2GB,75.2,0.95
DA9 9PT,68.4,0.93
DA2 8BX,66.9,0.9
DA10 0AG,55.0,0.67
DA3 7LB,64.2,0.87
DA2 6RL,69.2,0.86
DA1 2SH,60.2,0.73
DA10 0HN,63.5,0.76
DA5 2JN,63.3,0.7
DA1 1BY,57.0,0.54
DA2 6BX,71.2,0.93
DA1 5GQ,83.0,1.15
DA2 6HB,70.0,0.87
DA9 9JB,81.9,1.01
DA9 9HW,65.6,0.87
DA1 5HY,69.0,0.88
DA11 9BY,56.3,0.65
DA1 1ST,55.4,0.67
DA1 2RT,56.6,0.72
DA2 7LF,59.8,0.85
DA1 5QP,70.0,0.97
DA5 2BP,64.3,0.97
DA9 9PH,65.8,0.97
DA1 5HR,75.8,0.97
DA1 3AG,59.4,0.71
DA9 9NJ,62.5,0.85
DA1 2JU,63.0,0.75
DA1 2RS,60.6,0.69
DA1 5BB,64.4,0.72
DA1 5AS,57.1,0.62
DA1 5TY,85.0,1.18
DA1 5AX,64.1,0.67
DA1 5EL,73.7,0.94
DA4 9HS,73.4,0.99
DA10 1AX,83.0,1.11
DA1 5GE,81.8,1.01
DA10 0LT,63.7,0.83
DA9 9PS,67.6,0.85
DA10 1AD,84.5,1.17
DA1 5HF,67.8,0.91
DA4 9DZ,54.1,0.73
DA1 1AN,84.5,1.17
DA10 0LP,64.8,0.8
DA5 2JQ,63.5,0.75
DA2 6AR,56.1,0.68
DA13 9QJ,65.9,0.9
DA2 6RG,67.6,0.88
DA2 8DN,37.8,0.68
DA2 6SG,66.5,0.98
DA4 9AB,58.5,0.73
DA9 9TR,77.8,1.05
DA5 2HZ,65.6,0.83
DA2 6LL,61.0,0.81
DA1 2TG,67.6,0.92
DA1 1YE,55.7,0.72
DA9 9HL,55.8,0.66
DA2 7EX,73.9,0.88
DA3 7LE,57.3,0.82
DA1 1NH,59.7,0.69
DA9 9FW,68.8,0.95
DA10 1AR,84.4,1.17
DA2 7WP,73.4,1.04
DA1 5DE,64.1,0.91
DA1 2NJ,63.5,0.94
DA1 5LY,81.5,1.1
DA1 1RJ,61.2,0.81
DA1 5SJ,71.3,0.96
DA1 2QX,65.1,0.9
DA2 7AU,61.2,0.83
DA2 6JR,69.8,1.02
DA11 9AB,77.3,1.04
DA1 1QL,71.9,0.97
DA10 0LZ,56.4,0.71
DA1 5JD,71.4,1.0
DA1 1SL,58.1,0.79
DA1 1LX,59.5,0.66
DA2 7AS,61.0,0.84
DA2 7HF,62.6,0.79
DA2 6JZ,63.0,0.86
DA9 9XU,85.5,1.16
DA1 2RP,80.0,1.01
DA1 5BF,77.8,1.05
DA2 6RB,70.5,0.87
DA3 7JR,58.8,0.78
DA3 7HH,62.3,0.91
DA1 1XE,60.2,0.63
DA10 0EU,66.8,0.87
DA1 1RL,56.3,0.79
DA10 0BW,66.7,0.91
DA2 6HD,66.0,0.91
DA9 9DG,67.1,0.89
DA1 1SD,54.1,0.6
DA1 5UH,84.5,1.16
DA9 9JW,63.2,0.83
DA9 9PG,64.8,0.92
DA1 1UX,57.5,0.66
DA1 5LW,67.9,0.99
DA10 0EA,71.2,0.93
DA2 7WR,74.4,1.04
DA1 5SZ,83.3,1.16
DA9 9GF,70.5,1.01
DA1 2BH,67.6,0.81
DA1 1TD,58.1,0.67
DA2 6AH,56.0,0.76
DA1 5TD,82.6,1.15
DA9 9GZ,73.9,1.06
DA1 1LF,59.2,0.68
DA1 2SW,54.6,0.67
DA3 7HR,60.4,0.86
DA3 7PD,62.4,0.88
DA1 2SD,56.3,0.72
DA1 2BL,63.8,0.8
DA1 2SE,56.8,0.67
DA13 9LZ,60.2,0.89
DA2 7WS,73.5,1.06
DA9 9RU,72.2,1.03
DA1 3ER,48.7,0.67
DA9 9HJ,59.2,0.75
DA1 2DX,51.5,0.8
DA5 2AH,72.5,0.95
DA10 0AQ,54.1,0.63
DA9 9QB,66.2,0.97
DA9 9DT,67.2,0.91
DA1 5RE,82.5,1.16
DA4 9HY,54.4,0.68
DA4 9HP,61.2,0.7
DA2 6JF,57.7,0.81
DA9 9PX,67.4,0.96
DA2 8DB,69.0,1.04
DA5 2GA,69.0,0.99
DA1 5XF,84.8,1.08
DA1 5NY,70.5,0.93
DA1 2EP,57.6,0.66
DA2 7WX,75.8,1.02
DA9 9AL,79.3,1.0
DA3 7HJ,56.0,0.86
DA1 5DN,67.8,0.94
DA10 1DD,84.6,1.16
DA1 5PD,67.6,0.97
DA10 1DQ,87.7,1.17
DA2 6FB,85.3,1.16
DA9 9UW,77.2,1.12
DA3 7JL,59.6,0.86
DA1 5ET,68.1,0.89
DA1 5XE,84.0,1.08
DA1 1JP,60.9,0.71
DA5 2AQ,67.0,0.95
DA10 0AP,62.0,0.72
DA1 5SD,69.5,0.93
DA10 1FL,83.8,1.18
DA1 2SY,62.6,0.83
DA1 1QJ,70.8,0.96
DA1 1SJ,57.5,0.67
DA1 5SQ,84.4,1.16
DA9 9UD,81.2,1.06
DA2 6RN,67.7,0.88
DA2 6FU,82.7,1.09
DA2 6JU,65.4,0.94
DA2 6LB,59.0,0.8
DA4 9EE,60.6,0.83
DA9 9DF,78.3,1.03
DA9 9GY,70.6,1.01
DA1 1TU,58.9,0.65
DA10 0NE,61.4,0.81
DA10 0HU,59.9,0.75
DA11 9AJ,83.0,1.0
DA9 9GA,75.9,1.03
DA2 6DH,54.6,0.68
DA1 1NF,41.4,0.77
DA2 7RQ,59.0,0.67
DA2 6FG,86.2,1.15
DA1 1SR,50.7,0.6
DA10 1BJ,83.5,1.18
DA1 5FX,81.7,1.17
DA1 3NF,56.0,0.73
DA13 9PH,42.8,0.64
DA2 6HE,66.5,0.9
DA9 9AA,57.5,0.65
DA9 9FU,75.4,1.03
DA9 9JT,56.8,0.71
DA1 2HE,56.1,0.7
DA10 0EW,68.2,0.84
DA1 3BF,67.4,0.98
DA1 5JZ,66.6,0.82
DA1 1XL,56.1,0.61
DA1 3DW,58.8,0.8
DA2 6AG,83.0,1.16
DA1 5GS,82.0,1.17
DA2 7NP,65.0,0.84
DA9 9RZ,78.8,1.02
DA9 9XG,71.8,1.03
DA1 5RF,82.1,1.17
DA3 7HD,58.6,0.82
DA1 1XF,56.7,0.7
DA1 5UN,84.3,1.13
DA1 5EJ,71.1,0.89
DA2 7HY,59.3,0.74
DA10 0LS,60.1,0.73
DA1 2AD,79.6,1.02
DA1 3HS,58.9,0.78
DA4 9HE,58.8,0.83
DA10 0HJ,70.8,0.79
DA10 0JU,52.8,0.76
DA10 0AD,53.0,0.69
DA1 1TP,59.4,0.76
DA3 7LL,57.6,0.82
DA1 1RR,64.6,0.96
DA1 1LH,64.4,0.79
DA4 9BL,78.9,1.03
DA1 5RW,82.1,1.08
DA1 5TW,85.5,1.18
DA2 7JP,60.8,0.7
DA1 5SR,70.2,0.97
DA2 7NH,61.5,0.88
DA10 0EG,71.7,0.97
DA5 2HU,56.9,0.78
DA1 2QP,65.2,0.85
DA2 6RZ,66.0,0.94
DA1 1SX,71.4,0.99
DA1 2LF,59.5,0.72
DA4 9BT,72.3,0.97
DA1 3EZ,47.4,0.78
DA4 9HR,63.3,0.86
DA1 1LJ,59.3,0.69
DA1 5FQ,81.7,1.14
DA1 2RX,62.6,0.75
DA2 7EN,65.5,1.01
DA1 2AY,79.5,1.0
DA1 3BU,64.4,0.8
DA10 1AN,87.8,1.18
DA2 7LB,69.0,1.02
DA1 5AG,59.0,0.66
DA1 5NW,74.9,0.92
DA9 9NZ,58.8,0.83
DA9 9WN,85.0,1.18
DA2 7LW,64.8,0.95
DA10 0JR,65.0,0.85
DA1 1UY,61.5,0.7
DA5 2JJ,64.5,0.73
DA1 5WQ,84.0,1.16
DA9 9WY,84.7,1.12
DA1 2TJ,66.5,0.89
DA2 7SJ,59.4,0.8
DA9 9JX,60.7,0.7
DA1 2RQ,60.8,0.75
DA9 9DN,65.1,0.89
DA4 9HL,59.6,0.7
DA10 1BN,83.3,1.18
DA1 3EY,56.2,0.68
DA9 9SZ,74.6,1.04
DA1 3QN,53.0,0.72
DA9 9WR,86.8,1.16
DA1 3BE,56.6,0.65
DA3 7NR,64.7,0.87
DA9 9GT,79.5,1.01
DA2 6BU,75.6,0.95
DA2 8AW,57.7,0.84
DA1 5ST,68.4,0.95
DA1 3HB,65.4,0.89
DA3 7BN,81.3,1.1
DA2 7PD,60.3,0.85
DA9 9HA,65.3,0.8
DA5 2EG,62.1,0.83
DA1 2HY,54.1,0.59
DA9 9PU,65.9,0.9
DA10 1BZ,84.7,1.17
DA1 5AP,60.8,0.68
DA1 5JB,68.6,0.98
DA1 5GB,79.3,1.05
DA5 2BG,58.8,0.74
DA2 6EN,61.8,0.83
DA9 9FE,73.9,1.01
DA2 6HZ,66.9,0.88
DA2 7NZ,60.3,0.93
DA5 2HY,62.4,0.92
DA2 7DE,52.7,0.63
DA2 7PF,57.5,0.85
DA9 9FG,73.8,1.05
DA4 9HQ,58.7,0.78
DA9 9TT,81.5,1.01
DA2 6JS,67.1,0.98
DA13 9NB,57.9,0.65
DA9 9YG,84.8,1.15
DA9 9AN,60.2,0.72
DA3 7BB,82.9,1.18
DA3 7LX,57.7,0.84
DA10 0LF,54.7,0.85
DA1 1PB,65.5,0.78
DA9 9EA,70.5,0.94
DA10 1EU,84.8,1.16
DA1 5UF,84.2,1.16
DA1 5QD,81.7,1.12
DA1 2XB,72.4,0.95
DA2 7PJ,62.6,0.98
DA1 1QU,58.5,0.67
DA1 2JX,67.8,0.98
DA1 2JD,79.4,1.04
DA2 6EW,60.0,0.75
DA2 6BS,59.9,0.78
DA2 8BE,63.0,0.84
DA1 5TT,83.6,1.08
DA2 6NT,70.4,1.01
DA10 1DU,84.6,1.15
DA2 6BQ,72.4,0.91
DA10 0LJ,69.6,0.98
DA1 2XD,73.4,0.91
DA1 2QG,66.5,0.83
DA10 0AF,61.3,0.89
DA2 6FA,87.6,1.18
DA1 5XJ,85.1,1.09
DA9 9EU,71.6,0.95
DA1 5LU,72.6,0.96
DA10 0JD,67.1,0.91
DA10 1BB,83.4,1.18
DA9 9RB,66.2,1.0
DA9 9GJ,70.6,1.02
DA1 5WW,86.2,1.07
DA1 2BS,60.3,0.74
DA2 7WN,74.8,1.03
DA9 9EE,71.6,0.96
DA9 9HH,57.5,0.74
DA5 2JW,54.3,0.69
DA10 1EX,85.5,1.17
DA1 5ND,73.1,0.96
DA2 7SA,58.1,0.78
DA2 7HR,52.9,0.63
DA3 7QL,59.4,0.76
DA9 9PN,69.8,0.94
DA3 7QU,62.2,0.93
DA4 9EW,63.9,0.84
DA2 7DP,64.2,0.76
DA10 1AP,82.9,1.09
DA1 5TN,82.8,1.1
DA9 9UF,80.5,1.05
DA1 2NH,79.0,1.02
DA10 0BY,71.9,0.96
DA1 5TP,83.2,1.08
DA3 7QP,67.4,0.92
DA2 7DL,61.5,0.86
DA1 2GF,75.2,1.01
DA1 1QS,39.3,0.76
DA10 0JW,75.0,0.94
DA1 2SF,61.3,0.73
DA2 7AY,56.7,0.66
DA1 1YH,57.9,0.72
DA9 9PP,68.6,0.92
DA2 7PA,62.5,0.86
DA1 1BF,83.9,1.07
DA1 2NS,48.2,0.76
DA9 9PZ,63.2,0.95
DA1 5TQ,83.1,1.1
DA9 9DX,63.4,0.94
DA1 1BX,44.5,0.67
DA2 6FW,83.9,1.16
DA1 2AT,52.7,0.61
DA9 9HN,67.0,0.9
DA2 6BW,69.6,0.9
DA2 6BA,61.2,0.7
DA2 7NE,58.7,0.82
DA1 2PP,55.4,0.74
DA2 7RF,64.4,0.86
DA1 5HP,70.5,0.99
DA1 1QR,67.4,0.86
DA5 2BJ,74.5,0.98
DA2 6DA,58.4,0.79
DA4 9LB,38.7,0.64
DA2 6NS,72.7,1.01
DA1 1JT,57.0,0.65
DA1 2BN,58.3,0.64
DA1 1TE,60.8,0.64
DA3 7QW,61.1,0.85
DA1 1XZ,57.2,0.72
DA1 3HJ,52.9,0.7
DA1 5LT,76.2,0.99
DA2 6DU,72.3,1.0
DA1 1XT,59.7,0.72
DA1 5WJ,87.2,1.08
DA2 8BZ,66.2,0.87
DA9 9EJ,57.9,0.66
DA9 9WT,87.5,1.17
DA1 5PJ,70.8,1.02
DA9 9FF,84.0,1.05
DA4 9EG,61.5,0.72
DA9 9XJ,71.1,1.03
DA9 9XR,83.5,1.11
DA1 1XH,61.1,0.68
DA2 8AT,47.7,0.72
DA9 9GS,74.4,1.05
DA5 2AB,58.8,0.64
DA9 9NY,69.3,1.01
DA10 0BX,72.9,0.97
DA5 2ES,59.6,0.85
DA10 1AF,83.6,1.18
DA1 3EW,59.3,0.74
DA1 2HJ,59.5,0.69
DA9 9AS,64.9,0.8
DA9 9NF,69.5,0.98
DA1 1LY,77.1,1.08
DA2 6NG,57.5,0.78
DA10 0EY,70.7,0.88
DA10 1EN,83.6,1.15
DA1 1YW,59.0,0.76
DA1 1QW,57.8,0.67
DA5 2JS,61.6,0.91
DA1 5GP,80.4,1.02
DA1 2JJ,58.5,0.7
DA9 9TY,76.8,1.05
DA1 1QT,51.6,0.69
DA2 7QL,81.9,1.06
DA1 2PR,58.6,0.78
DA10 1AG,83.8,1.11
DA2 7LR,62.1,0.74
BR8 7PQ,51.3,0.86
DA1 5DY,66.8,0.96
DA5 2HR,60.0,0.84
DA9 9YF,84.4,1.15
DA10 1DL,84.8,1.14
DA1 5UD,82.6,1.18
DA3 7PL,53.9,0.83
DA10 0EB,59.2,0.81
DA2 7HQ,71.8,0.96
DA1 5TU,84.6,1.18
DA1 3EB,58.7,0.63
DA2 6EZ,57.9,0.67
DA1 5LG,70.9,0.93
DA2 7DF,66.4,0.9
DA1 2LJ,64.0,0.85
DA1 2LL,63.7,0.8
DA2 6BF,74.1,1.11
DA2 7RP,52.3,0.67
DA13 9NP,67.3,0.98
DA1 3DL,59.3,0.66
DA1 2RU,59.7,0.72
DA1 3NB,55.2,0.68
DA1 3LX,58.8,0.68
DA1 1PJ,66.2,0.87
DA1 3HR,54.1,0.69
DA1 3NE,54.3,0.69
DA1 2XE,71.0,0.86
DA1 1NB,62.2,0.68
DA1 5EA,64.3,0.92
DA2 6LX,69.5,1.02
DA1 1PR,60.4,0.82
DA1 2LQ,56.2,0.59
DA1 1LE,60.2,0.63
DA2 6LP,61.1,0.84
DA1 5DH,63.8,0.83
DA10 0JP,69.4,0.94
DA1 1XY,76.2,1.05
DA2 8BJ,64.4,0.86
DA9 9FS,74.4,1.02
DA1 1NT,58.7,0.65
DA1 2PU,57.8,0.77
DA2 7NN,60.9,0.85
DA5 2JE,61.2,0.78
DA3 7PS,83.6,1.18
DA9 9HF,53.9,0.71
DA2 7HE,63.3,0.87
DA2 6RY,67.1,0.93
DA2 7JH,66.5,0.88
DA1 2QR,61.9,0.72
DA1 2RW,60.5,0.74
DA10 1DE,85.4,1.18
DA2 7SF,54.0,0.73
DA5 2EQ,58.6,0.79
DA2 6JJ,55.6,0.78
DA2 6DD,53.9,0.66
DA5 2AD,56.2,0.56
DA1 5AD,77.3,1.02
DA2 6BG,66.0,0.94
DA10 1DT,86.0,1.18
DA3 7PQ,63.1,0.86
DA1 2JF,55.6,0.66
DA1 5SP,68.3,0.97
DA1 1EW,68.9,0.73
DA9 9TS,80.3,1.02
DA9 9SY,78.0,1.05
DA2 7BN,46.5,0.65
DA9 9BH,55.0,0.69
DA1 3HA,54.4,0.71
DA1 1YN,48.3,0.6
DA9 9QH,65.2,0.96
DA1 2QE,61.7,0.79
DA1 5GY,82.2,1.1
DA2 6ER,61.4,0.78
DA1 5FG,82.7,1.07
DA1 5EE,68.1,0.87
DA1 5QS,65.7,0.99
DA1 5NE,75.6,0.96
DA2 6DE,58.5,0.76
DA1 5SA,70.7,0.94
DA3 7ND,60.6,0.93
DA1 5SH,70.5,0.94
DA1 3LS,59.4,0.7
DA1 5EW,69.9,0.93
DA1 2QW,66.2,0.9
DA1 5SW,82.1,1.16
DA1 1TN,57.2,0.63
DA9 9DW,69.5,0.99
DA1 3HW,59.8,0.72
DA10 1BL,84.0,1.18
DA1 5HN,62.9,0.83
DA1 5RL,85.4,1.17
DA10 0LW,68.9,0.89
DA1 1UH,56.6,0.64
DA1 1YD,56.7,0.63
DA9 9PF,66.5,0.93
DA2 7AR,64.1,0.89
DA10 0HZ,55.9,0.68
DA1 1XQ,57.1,0.62
DA1 2PX,56.4,0.73
DA1 5SL,68.1,0.95
DA1 3BA,56.1,0.7
DA2 7LH,59.5,0.82
DA1 2FF,87.4,1.07
DA1 2SN,62.3,0.87
DA10 0AW,59.8,0.69
DA1 5GW,82.3,1.13
DA9 9PY,64.1,0.93
DA1 5DP,63.3,0.9
DA1 5RJ,82.3,1.08
DA1 2BA,51.4,0.69
DA10 0HD,77.3,0.97
DA2 7EL,48.5,0.76
DA3 7HB,58.4,0.87
DA9 9UZ,84.0,1.07
DA9 9XQ,82.3,1.08
DA1 2PZ,64.4,0.83
DA1 2RL,60.3,0.74
DA3 7LQ,53.0,0.76
DA10 1BW,85.5,1.15
DA1 2LD,79.3,1.02
DA9 9FJ,70.5,0.99
DA9 9JP,72.5,0.99
DA9 9GN,76.7,1.01
DA2 8BA,69.6,0.99
DA2 6BJ,67.4,0.84
DA1 1YB,69.9,0.97
DA10 0AN,56.6,0.63
DA2 6LJ,60.7,0.82
DA2 8BS,47.8,0.66
DA3 7AB,82.0,1.1
DA1 2GA,77.9,0.96
DA1 2PL,64.6,0.84
DA1 1RF,53.5,0.64
DA1 1SH,57.4,0.61
DA9 9NL,66.2,0.73
DA10 0HQ,60.8,0.65
DA9 9XT,83.7,1.1
DA2 6JN,63.1,0.97
DA9 9EY,61.6,0.72
DA2 6GD,74.8,1.04
DA10 1BH,83.6,1.18
DA9 9FN,72.9,1.02
DA9 9PD,62.0,0.96
DA11 9AH,80.7,1.0
DA9 9LU,60.4,0.88
DA1 3LN,62.4,0.91
DA9 9AE,54.4,0.63
DA2 7NB,64.2,0.88
DA9 9RA,66.9,0.99
DA2 6AY,59.0,0.78
DA2 7PH,61.2,0.87
DA4 9DY,56.5,0.73
DA10 1BS,84.6,1.09
DA2 7EW,81.6,1.11
DA1 3BL,60.0,0.68
DA2 7LE,57.6,0.75
DA1 5DD,62.7,0.88
DA2 6NR,24.1,0.56
DA1 2EZ,83.0,1.07
DA1 1XG,56.6,0.63
DA1 5SB,70.1,0.96
DA10 0FF,84.9,1.18
DA2 6HG,54.7,0.67
DA2 7QR,57.3,0.88
DA10 0BU,72.0,0.98
DA2 6RE,71.9,0.89
DA1 3AN,58.5,0.79
DA1 1EJ,63.9,0.62
DA5 2JR,56.2,0.7
DA1 2AJ,68.9,0.91
DA1 1QE,52.0,0.68
DA5 2HA,57.9,0.75
DA2 6AE,51.4,0.65
DA1 1TJ,58.0,0.65
DA1 5UY,82.7,1.18
DA9 9RS,73.3,1.02
DA1 5AT,63.8,0.88
DA1 2PA,55.5,0.77
DA1 2FB,84.2,1.1
DA1 2PE,80.9,1.01
DA10 0EL,70.4,0.94
DA2 6RD,69.7,0.92
DA9 9HB,59.6,0.79
DA1 5GR,81.6,0.96
DA9 9NU,63.0,0.81
DA1 5XQ,85.1,1.08
DA1 3ED,50.4,0.65
DA1 5GF,82.0,1.06
DA1 5HZ,71.5,0.92
DA1 2NZ,53.2,0.61
DA9 9GD,67.3,1.02
DA3 7QS,50.6,0.6
DA2 6JT,64.6,0.97
DA10 0LY,59.8,0.64
DA1 1QX,55.8,0.69
DA1 5TR,82.8,1.09
DA13 9NR,37.0,0.48
DA1 3AY,81.8,1.13
DA2 6SE,68.8,0.97
DA1 2PG,54.2,0.74
DA2 7ES,51.2,0.78
DA9 9UQ,83.6,1.1
DA3 7HT,57.4,0.96
DA2 8AH,44.0,0.78
DA1 3BS,58.7,0.64
DA2 7QT,57.4,0.71
DA1 5NL,71.7,0.92
DA2 6HQ,60.4,0.66
DA3 7LJ,56.9,0.88
DA9 9EG,67.3,0.95
DA1 5JG,71.8,1.0
DA13 9PD,52.5,0.95
DA1 5NH,61.9,0.93
DA2 7WQ,75.4,1.03
DA1 2DH,66.8,0.66
DA1 2PW,58.7,0.76
DA2 7JW,56.9,0.63
DA1 1UP,69.7,0.96
DA2 6ND,70.0,0.98
DA1 3HT,53.3,0.71
DA1 2LH,74.1,1.01
DA2 6LS,60.4,0.75
DA3 7HF,62.8,0.98
DA11 9AW,77.8,1.03
DA1 1NJ,53.2,0.68
DA13 9PL,77.0,1.05
DA1 1SW,58.5,0.67
DA1 1XA,55.2,0.65
DA1 2TE,59.3,0.83
DA1 2NL,51.7,0.63
DA9 9QD,64.0,0.96
DA2 6AF,61.3,0.86
DA9 9QY,64.2,0.96
DA9 9EB,71.0,0.89
DA1 2LE,64.5,0.74
DA1 3AW,50.2,0.72
DA1 2AG,62.1,1.0
DA10 1AA,83.8,1.18
DA9 9YH,85.9,1.18
DA2 8EB,49.9,0.81
DA1 2TB,60.0,0.77
DA1 1TY,56.6,0.69
DA10 0EP,65.5,0.83
DA1 1JL,56.2,0.65
DA2 8AR,55.4,0.62
DA1 1TX,60.9,0.65
DA9 9NS,66.7,0.89
DA10 0AB,65.1,0.78
DA1 5GT,82.6,1.08
DA2 7WJ,73.0,1.06
DA1 2SJ,73.6,0.9
DA9 9YD,85.1,1.18
DA1 5RX,81.9,1.09
DA2 7DT,74.3,0.94
DA1 2LA,57.0,0.75
DA1 1AL,84.0,1.18
DA13 9PZ,64.3,0.81
DA1 2LP,55.0,0.71
DA3 7HS,65.8,0.95
DA1 3EN,65.0,0.83
DA9 9LE,67.4,0.72
DA1 1BN,58.0,0.68
DA1 2TQ,66.7,0.85
DA1 2RB,78.7,1.03
DA9 9LZ,48.8,0.62
DA9 9FB,83.7,0.97
DA1 5EH,68.5,0.98
DA1 3DH,55.5,0.71
DA4 9HW,54.3,0.66
DA1 5UZ,83.9,1.18
DA1 5NA,61.8,0.89
DA1 2AF,81.6,1.11
DA1 5AR,58.0,0.68
DA1 5AW,58.5,0.69
DA9 9DU,69.2,0.95
DA9 9EP,64.7,0.84
DA1 2JE,59.9,0.68
DA2 6AL,51.3,0.68
DA2 6BB,65.2,0.8
DA1 5HT,67.1,0.87
DA9 9QX,58.6,0.97
DA2 7SN,57.5,0.79
DA2 6SD,65.2,0.86
DA2 7BP,60.3,0.81
DA9 9XW,83.3,1.08
DA2 7EP,67.1,0.99
DA3 7BF,82.3,1.16
DA9 9GE,72.7,1.04
DA1 1PL,50.6,0.64
DA2 7NW,58.2,0.81
DA10 0BH,59.7,0.64
DA1 5EQ,74.4,1.04
DA4 9EA,63.3,0.86
DA1 2QZ,60.5,0.72
DA10 1BA,83.5,1.18
DA2 7RX,62.3,0.9
DA3 7JN,67.1,1.01
DA10 0DN,76.0,0.99
DA1 1LG,75.5,1.01
DA10 1EW,84.7,1.18
DA1 1UN,60.9,0.73
DA9 9WW,89.2,1.18
DA2 6DN,59.9,0.73
DA3 7QD,57.3,0.76
DA1 5TB,82.8,1.15
DA9 9JE,69.2,0.99
DA1 1XP,59.4,0.67
DA2 6JB,65.2,0.81
DA1 1TF,55.1,0.68
DA1 3BJ,58.4,0.68
DA2 6LG,58.7,0.84
DA1 1TZ,58.9,0.67
DA10 0BG,58.8,0.61
DA10 0DB,65.6,0.95
DA1 5WH,86.7,1.08
DA2 7BS,62.6,0.88
DA1 2UP,80.6,1.01
DA1 2DT,66.0,0.92
DA1 5GU,81.8,1.07
DA1 2NP,62.9,0.82
DA9 9TZ,84.3,1.06
DA2 6HA,65.6,0.87
DA11 9AP,81.0,1.06
DA2 7LQ,61.1,0.78
DA1 1TB,67.7,0.91
DA10 0EJ,62.4,0.89
DA1 1ND,60.0,0.64
DA9 9RQ,73.8,1.05
DA9 9HD,60.5,0.8
DA2 8BP,61.6,0.85
DA2 7DH,63.2,0.92
DA10 0AU,59.0,0.67
DA3 8LD,55.0,0.59
DA2 7AZ,56.9,0.74
DA1 5UE,84.8,1.18
DA3 7LA,61.1,0.93
DA9 9FT,75.0,1.05
DA1 5JU,72.0,0.99
DA2 7SH,56.8,0.78
DA9 9TW,81.6,1.02
DA3 7PW,61.2,0.87
DA2 7ED,59.6,0.76
DA10 1DG,85.1,1.12
DA1 1PH,55.7,0.69
DA2 6HT,61.2,0.84
DA10 0LE,67.1,0.97
DA10 0HF,57.5,0.59
DA2 7SD,61.1,0.82
DA9 9LT,64.2,0.99
DA10 0NA,61.0,0.61
DA2 8BG,64.5,0.91
DA2 7DW,70.5,0.96
DA1 2DE,71.4,0.97
DA9 9JY,58.5,0.7
DA1 5LS,76.1,0.98
DA2 6NL,60.8,0.8
DA13 9PY,56.8,0.83
DA9 9JR,52.2,0.81
DA3 7NA,59.3,0.81
DA1 1XW,54.4,0.66
DA13 9NU,65.9,0.92
DA9 9LY,64.4,0.75
DA4 9EF,56.9,0.66
DA3 7JD,65.4,0.96
DA10 1BF,83.3,1.18
DA1 5RD,84.0,1.18
DA2 7AT,58.5,0.87
DA1 5LF,64.8,0.92
DA1 5UQ,83.1,1.18
DA2 6HS,60.9,0.78
DA1 2NG,75.6,1.05
DA1 2HH,76.9,1.04
DA9 9TD,74.7,1.01
DA9 9PE,65.1,0.94
DA9 9RT,75.5,1.03
DA10 1AE,84.5,1.16
DA10 0EZ,67.9,0.89
DA1 5EU,62.1,0.86
DA5 2JA,58.9,0.75
DA1 1EE,78.1,1.02
DA11 9AE,74.7,1.04
DA1 5LJ,66.3,0.99
DA1 2GJ,76.8,1.06
DA1 5NJ,61.3,0.83
DA4 9JD,76.6,1.07
DA1 5WU,85.6,1.06
DA1 1SY,59.3,0.68
DA2 6NE,48.4,0.67
DA1 5GX,82.0,1.08
DA1 1RZ,54.6,0.65
DA2 7ET,63.9,0.93
DA10 1BR,83.9,1.18
DA1 2SR,56.7,0.66
DA1 5DR,73.6,0.94
DA9 9NN,68.3,0.93
DA3 7LR,61.0,0.91
DA3 7LD,57.3,0.86
DA9 9GU,80.9,1.01
DA1 1PS,56.9,0.73
DA1 5XH,85.4,1.06
DA1 2QT,62.9,0.76
DA1 1SN,55.7,0.71
DA9 9EZ,56.9,0.71
DA10 0EH,62.4,0.87
DA9 9ET,71.5,0.92
DA1 3AF,55.1,0.68
DA1 1QD,77.5,1.04
DA9 9UT,80.8,1.07
DA1 1QP,47.3,0.51
DA2 8EA,56.7,0.95
DA1 5RS,82.2,1.08
DA9 9XE,69.3,0.99
DA10 0BQ,65.0,0.76
DA10 0LB,66.2,0.93
DA1 2LN,56.3,0.69
DA2 7JJ,67.8,0.89
DA9 9FY,74.4,1.05
DA2 7AP,59.1,0.72
DA1 2QB,67.4,1.01
DA2 6RH,71.2,0.9
DA2 6AX,59.2,0.66
DA1 2TN,49.7,0.62
DA10 0DR,64.0,0.88
DA1 5JE,75.0,0.94
DA1 1PA,61.6,0.71
DA3 7AN,53.2,0.78
DA1 3NH,52.5,0.72
DA2 6DG,58.0,0.64
DA1 5FL,83.1,1.16
DA1 2BQ,59.4,0.63
DA10 1DN,85.6,1.15
DA1 1AH,77.8,1.05
DA3 7QN,62.7,0.88
DA5 2JH,63.4,0.67
DA1 3AQ,53.1,0.6
DA2 7JZ,61.0,0.76
DA9 9WL,85.4,1.15
DA9 9UE,80.6,1.08
DA1 3AJ,62.1,0.72
DA9 9UU,79.0,1.14
DA1 2SA,59.2,0.66
DA1 2BY,71.0,0.96
DA1 5UL,85.0,1.18
DA1 2XG,73.3,0.91
DA10 0AR,72.0,0.99
DA1 5DB,67.6,0.92
DA3 7GA,71.8,1.08
DA9 9GP,70.8,1.03
DA1 5XD,82.7,1.17
DA2 6AQ,79.1,1.02
DA1 5RH,82.1,1.16
DA2 7BL,49.7,0.5
DA10 1AB,82.8,1.18
DA9 9QW,67.5,0.99
DA2 8DX,39.9,0.64
DA5 2HP,59.0,0.78
DA3 7LS,67.2,1.0
DA1 3AL,64.1,0.7
DA10 0HS,54.8,0.65
DA1 5HQ,59.4,0.83
DA1 5UW,83.4,1.18
DA1 5RR,81.7,1.17
DA1 2DU,83.8,1.05
DA9 9PB,65.0,0.97
DA9 9DR,61.7,0.79
DA10 1BX,83.7,1.15
DA10 1DY,85.4,1.15
DA2 6NA,71.1,1.0
DA4 9EQ,67.0,0.94
DA9 9QL,67.3,0.99
DA4 9EL,60.3,0.83
DA9 9TE,80.8,1.01
DA1 1JF,60.9,0.67
DA9 9PQ,66.4,0.97
DA4 9EY,66.0,0.88
DA2 6RS,68.5,0.91
DA4 9EZ,63.8,0.85
DA1 1PG,72.0,1.03
DA9 9FP,76.5,1.06
DA10 1AH,83.8,1.18
DA9 9DP,64.8,0.83
DA1 2TA,65.6,0.83
DA1 3EE,67.2,0.91
DA2 7BB,42.0,0.68
DA1 2RH,62.3,0.74
DA2 6LQ,62.3,0.91
DA2 7RT,63.0,0.83
DA1 5JA,65.8,0.97
DA1 5SX,82.7,1.15
DA3 7QJ,72.8,1.01
DA1 1NU,65.1,0.85
DA1 2QL,69.4,0.9
DA1 3BW,56.9,0.68
DA1 2XQ,66.3,0.74
DA1 3JW,59.4,0.7
DA9 9FQ,72.1,1.04
DA9 9HS,62.1,0.93
DA1 2PS,61.8,0.77
DA9 9AQ,61.6,0.69
DA9 9HR,71.0,0.91
DA3 7JE,55.8,0.77
DA10 0BN,57.4,0.66
DA1 5LD,69.7,0.94
DA2 8BY,63.0,0.87
DA10 0LN,60.6,0.92
DA1 5FR,82.8,1.1
DA2 7PL,64.3,0.98
DA1 5HJ,79.9,1.07
DA1 5HL,68.6,0.97
DA2 6BE,58.0,0.81
DA1 1TR,54.5,0.64
DA10 0HX,62.2,0.87
DA10 1DJ,85.7,1.17
DA2 7JB,59.7,0.79
DA2 7NY,62.8,0.89
DA9 9LW,67.3,0.89
DA1 3AR,51.1,0.7
DA1 5NG,62.7,0.86
DA2 8DP,53.4,0.74
DA1 5EF,70.8,0.96
DA9 9PL,65.5,0.93
DA1 2SP,61.9,0.8
DA1 1AU,69.6,1.01
DA1 3LT,54.2,0.7
DA10 0JQ,63.0,0.86
DA1 5NB,78.1,0.97
DA2 6EX,64.8,0.91
DA9 9BN,43.7,0.86
DA2 6BY,75.1,1.03
DA9 9ND,65.1,0.9
DA1 2BD,64.1,0.69
DA1 5HX,70.1,0.9
DA9 9XB,72.5,1.02
DA13 9PB,48.0,0.79
DA10 1DX,84.6,1.1
DA3 7HP,59.0,0.84
DA1 2QN,64.5,0.9
DA2 7WL,76.0,1.04
DA10 1DP,85.0,1.18
DA2 6JW,72.1,1.0
DA1 2TL,63.5,1.01
DA3 7JH,59.5,0.81
DA2 7DD,67.4,0.89
DA2 8AS,56.2,0.64
DA1 1UZ,55.7,0.65
DA1 3LG,62.0,0.73
DA2 7NF,63.6,0.87
DA2 8BF,71.3,1.03
DA2 6LR,65.7,0.83
DA1 3HD,73.1,0.99
DA2 6RP,63.8,0.86
DA1 3QP,60.1,0.73
DA2 6HF,64.3,0.9
DA2 6RA,73.8,0.92
DA1 2RN,63.6,0.75
DA1 5QG,70.0,0.99
DA10 0DH,67.5,0.87
DA1 5GZ,78.2,1.01
DA2 7BU,65.4,0.92
DA1 5QZ,81.8,1.07
DA2 6FD,86.8,1.17
DA4 9EB,64.2,0.83
DA1 5NR,78.0,1.03
DA2 7PP,61.5,0.92
DA9 9LS,60.1,0.83
DA13 9NF,57.4,0.74
DA2 8BH,64.1,0.82
DA2 6PL,69.9,1.02
DA9 9LX,71.7,0.94
DA1 1TL,63.5,0.81
DA9 9DJ,61.2,0.72
DA4 9HH,56.5,0.79
DA1 5FF,81.5,1.06
DA2 7HA,62.4,0.85
DA1 3EL,59.5,0.69
DA1 2LG,58.3,0.64
DA9 9HG,53.8,0.64
DA10 1DF,85.1,1.18
DA2 6DJ,58.1,0.66
DA2 6FX,83.2,1.12
DA1 5UX,84.2,1.18
DA1 2LR,69.5,0.98
DA9 9YE,84.4,1.18
DA10 0JT,55.4,0.79
DA1 5WF,83.0,1.18
DA2 7WD,69.0,1.01
DA9 9GL,73.2,1.05
DA1 5RN,82.1,1.09
DA1 1UD,60.1,0.68
DA1 5JY,66.4,0.91
DA1 5FJ,82.5,1.14
DA1 5HE,66.0,0.9
DA9 9LG,63.0,0.83
DA2 8BB,58.0,0.65
DA9 9FR,75.4,1.04
DA1 5JT,72.0,0.95
DA1 3LQ,56.9,0.68
DA1 3EU,66.6,0.87
DA2 7LJ,64.4,0.88
DA2 6LD,62.1,0.85
DA1 3QW,31.0,0.4
DA2 6BD,63.7,0.84
DA2 7LN,61.7,0.84
DA1 3AB,61.3,0.71
DA1 1XB,57.3,0.68
DA1 2ND,58.2,0.85
DA1 5AY,56.1,0.7
DA9 9JJ,76.0,0.99
DA1 2PF,60.7,0.94
DA1 1LZ,69.7,0.97
DA1 5DZ,66.7,0.91
DA10 0AS,66.1,0.7
DA9 9FH,77.7,1.0
DA2 6FT,84.5,1.18
BR8 7PH,29.3,0.56
DA1 5JN,73.5,0.94
DA1 2BB,66.2,0.86
DA2 7AD,60.6,0.84
DA2 6SA,68.3,0.99
DA2 6FJ,78.3,1.07
DA1 2EF,80.4,1.03
DA13 9LS,76.7,1.06
DA9 9EL,50.9,0.58
DA1 3LB,56.0,0.69
DA5 2AF,52.6,0.58
DA1 3ND,53.3,0.72
DA2 7JU,67.4,0.89
DA1 2XF,64.3,0.71
DA2 7BE,59.2,0.87
DA2 8BD,63.6,0.8
DA10 0DS,63.2,0.88
DA9 9FZ,75.8,1.06
DA1 3LF,56.2,0.75
DA3 7EX,59.4,0.9
DA1 5DX,65.6,0.87
DA10 0DJ,65.8,0.91
DA9 9QF,65.0,0.94
DA1 1JE,61.6,0.72
DA1 3JT,53.2,0.71
DA1 5QL,73.9,0.98
DA1 1NR,55.5,0.64
DA1 5LH,63.2,0.84
DA2 6JX,59.2,0.83
DA1 5PB,69.9,0.97
DA2 6DB,56.0,0.68
DA3 7LP,58.7,0.89
DA9 9XD,73.1,1.02
DA1 3AS,55.4,0.75
DA1 1DU,37.9,0.72
DA1 5WS,83.3,1.18
DA1 2EQ,66.8,0.88
DA10 1AJ,83.2,1.12
DA2 6NN,69.0,0.99
DA9 9QE,68.4,0.99
DA2 6RT,64.4,0.88
DA1 3JB,49.3,0.68
DA1 1TS,62.3,0.68
DA2 7SQ,54.9,0.8
DA13 9QG,68.5,0.99
DA10 0ED,66.2,0.9
DA13 9QN,62.0,0.82
DA2 7RR,71.8,0.88
DA1 2TR,42.8,0.77
DA3 7JS,64.1,0.91
DA1 1AS,76.7,1.05
DA9 9XS,83.8,1.09
DA1 3BG,55.5,0.81
DA4 9HD,58.0,0.65
DA1 5HA,64.9,0.92
DA2 6EY,58.6,0.72
DA1 2LW,59.6,0.65
DA2 6NP,60.4,0.73
DA2 6RU,65.3,0.93
DA1 3DX,57.3,0.64
DA1 1AP,84.3,1.17
DA2 7AQ,63.2,0.83
DA1 5DW,61.9,0.82
DA10 0AH,54.6,0.63
DA9 9XY,84.2,1.18
DA1 5JS,63.5,0.88
DA10 1BY,83.6,1.17
DA1 5AL,56.7,0.63
DA3 7BP,78.3,1.11
DA2 7NQ,58.0,0.6
DA9 9HT,68.5,0.95
DA5 2JP,58.0,0.75
DA5 2EA,69.5,1.01
DA1 2BE,64.1,0.81
DA2 7QJ,82.3,1.09
DA9 9UN,83.6,1.16
DA4 9AA,58.5,0.81
DA1 3HU,57.2,0.67
DA1 1YU,54.0,0.68
DA9 9QS,64.4,0.95
DA1 2PJ,55.9,0.76
DA9 9RJ,71.9,1.02
DA1 1SS,64.1,0.83
DA1 2PY,60.9,0.93
DA1 5EB,71.3,0.89
DA3 7HL,64.0,0.93
DA2 6JY,60.4,0.87
DA3 7JA,63.8,0.99
DA9 9BP,71.4,0.92
DA5 2AE,56.5,0.66
DA13 9QH,57.4,0.78
DA9 9TX,80.0,1.04
DA5 2ET,66.8,0.87
DA2 6DW,60.8,0.69
DA13 9LP,70.6,0.89
DA2 6EG,76.3,1.06
DA1 3EF,55.3,0.64
DA2 6HN,65.6,0.98
DA10 1ED,84.6,1.14
DA1 2UU,75.0,1.03
DA1 5DG,65.9,0.89
DA10 1EA,85.0,1.17
DA5 2HX,59.1,0.8
DA1 2FJ,80.1,1.02
DA3 7PN,45.8,0.57
DA9 9LH,56.0,0.74
DA9 9GB,71.0,1.05
DA1 3JP,58.0,0.73
DA10 1EL,83.8,1.12
DA1 1BB,56.2,1.09
DA10 0LD,67.0,0.99
DA2 6JQ,59.9,0.81
DA5 2AG,66.2,0.94
DA2 7RW,79.0,1.13
DA1 1UB,58.1,0.63
DA9 9UB,82.5,1.06
DA1 3LE,50.1,0.68
DA10 0BJ,59.9,0.63
DA4 9EH,60.8,0.84
DA1 2NA,55.2,0.84
DA9 9NA,55.3,0.71
DA2 6LH,64.0,0.84
DA2 7HZ,58.1,0.71
DA9 9LB,67.3,1.02
DA1 3BT,63.7,0.82
DA1 5RT,82.6,1.16
DA9 9DD,54.9,0.64
DA9 9WU,88.5,1.18
DA1 3EP,66.4,0.84
DA10 0AZ,63.2,0.71
DA2 8AL,64.7,0.88
DA9 9HQ,73.4,0.96
DA1 2UT,75.6,1.01
DA10 0JL,62.6,0.89
DA4 9EX,73.3,0.87
DA1 1GA,81.7,1.03
DA2 6SH,71.4,0.99
DA1 1SZ,52.3,0.66
DA9 9ES,56.1,0.74
DA1 2EU,55.4,0.62
DA1 3BN,55.1,0.62
DA1 5ES,65.3,0.9
DA1 3JY,57.1,0.63
DA1 1NP,59.4,0.61
DA9 9AJ,52.9,0.64
DA1 1TT,58.0,0.61
DA2 7ER,58.2,0.86
DA3 7QE,77.8,1.02
DA2 7QF,63.8,0.8
DA1 2QJ,59.7,0.91
DA9 9QN,62.4,0.97
DA2 7RY,63.3,0.86
DA5 2EW,54.7,0.83
DA1 5RB,82.1,1.16
DA1 3LY,60.5,0.72
DA1 2QF,63.9,0.85
DA10 1BG,83.5,1.18
DA1 5QR,69.0,0.99
DA3 7JW,62.0,1.01
DA1 4AG,64.8,0.71
DA2 6LN,60.2,0.76
DA1 2DJ,57.8,0.95
DA9 9BB,34.9,0.55
DA9 9BJ,55.2,0.71
DA9 9QP,62.0,0.93
DA3 7AG,52.7,0.64
DA1 3DN,56.1,0.65
DA10 0AX,60.7,0.62
DA10 0ER,70.5,0.88
DA3 7QZ,62.3,0.82
DA9 9JH,56.9,0.77
DA10 1BQ,83.3,1.18
DA3 7NP,60.9,0.87
DA9 9GR,68.0,1.03
DA1 1RB,54.1,0.74
DA10 1DH,85.4,1.18
DA1 2TF,75.0,1.05
DA10 0NL,66.7,0.97
DA1 5HG,68.2,0.92
DA1 1RP,47.3,0.63
DA10 1BD,83.1,1.18
DA3 7QA,53.6,0.76
DA2 6FQ,83.8,1.13
DA3 7JQ,64.3,0.92
DA2 6SJ,66.7,0.97
DA1 2EL,50.1,0.57
DA9 9JZ,56.0,0.65
DA1 2ES,52.0,0.54
DA5 2EE,61.5,0.8
DA3 7HE,58.0,0.89
DA2 6FL,77.1,1.13
DA1 2NQ,75.8,1.06
DA13 9NN,61.5,0.77
DA10 0NB,66.8,0.98
DA9 9LD,69.9,1.01
DA13 9NG,72.0,0.96
DA1 3JJ,61.0,0.78
DA9 9BX,70.7,1.01
DA1 3AP,55.3,0.72
DA10 0JA,64.9,0.89
DA3 7NB,56.3,0.7
DA10 0NG,57.2,0.94
DA4 9BB,60.8,0.83
DA2 7DJ,63.9,0.91
DA1 1YJ,56.6,0.68
DA10 0DU,72.4,0.97
DA9 9HP,69.5,0.73
DA1 5LE,61.8,0.84
DA5 2EY,60.8,0.78
DA2 7QQ,63.4,0.93
DA13 9PE,61.1,0.92
DA3 7QT,62.4,0.84
DA1 3JR,56.6,0.68
DA4 9HJ,56.8,0.73
DA2 6GE,73.4,1.03
DA2 8DH,52.0,0.69
DA9 9JD,49.4,0.75
DA2 7RN,54.9,0.52
DA2 7DX,67.4,1.02
DA2 6NH,62.2,0.79
DA2 6AN,50.6,0.75
DA3 7NJ,53.6,0.88
DA10 0LG,75.0,0.94
DA13 9QL,65.8,0.91
DA2 6NB,65.0,0.98
DA3 7LF,58.5,0.79
DA2 7JR,78.8,1.1
DA3 7GR,63.2,0.93
DA13 9LT,62.3,0.73
DA2 7EY,61.6,0.81
DA1 1JB,81.1,1.11
DA1 1LS,58.0,0.57
DA1 1TW,60.3,0.69
DA10 1BE,83.6,1.18
DA1 2GD,76.9,1.0
DA1 5FN,82.9,1.17
DA13 9NY,62.2,0.96
DA2 7EH,48.2,0.77
DA2 7WE,67.0,1.02
DA9 9QU,66.2,0.97
DA9 9LQ,48.9,0.65
DA10 1DR,85.3,1.15
DA1 2JA,59.0,0.73
DA9 9NB,46.4,0.65
DA9 9QZ,65.0,0.96
DA2 7AW,56.4,0.68
DA3 7HG,56.7,0.79
DA1 2BU,71.5,0.97
DA13 9NW,56.0,0.73
DA2 7RU,60.6,0.8
DA2 6LT,62.0,0.81
DA9 9LN,63.0,0.94
DA1 5JP,71.2,0.99
DA9 9FX,76.3,1.05
DA2 6LE,60.1,0.82
DA4 9HF,66.5,1.04
DA1 3HY,55.2,0.67
DA2 6AP,60.8,0.74
DA2 7AN,54.9,0.67
DA2 7NA,59.2,0.8
DA10 0BP,63.9,0.91
DA1 3DY,63.4,0.92
DA10 0JE,62.9,0.88
DA1 5QN,73.8,0.95
DA3 7NS,64.9,0.92
DA9 9HE,72.3,0.95
DA2 7DU,65.6,1.0
DA1 1RH,58.3,0.7
DA10 1AU,83.4,1.12
DA3 7HA,61.0,0.9
DA13 9PA,65.7,0.99
DA1 3HZ,48.3,0.69
DA2 7BX,57.0,0.88
DA9 9LA,58.0,0.71
DA1 1QA,53.0,0.79
DA1 3DZ,66.6,0.84
DA2 6EU,53.7,0.66
DA10 0DG,67.1,0.88
DA3 7AU,70.1,1.01
DA1 5AN,57.2,0.66
DA1 2NN,53.8,0.65
DA3 7PB,60.7,0.89
DA9 9DH,60.4,0.65
DA1 3JN,52.9,0.67
DA2 8BL,65.7,1.0
DA2 6BT,69.2,0.93
DA1 5XB,82.2,1.15
DA9 9LP,73.7,1.01
DA1 1SG,52.0,0.68
DA10 0NJ,67.4,0.97
DA9 9LJ,62.9,0.78
DA1 3DA,57.8,0.88
DA3 7HQ,61.5,0.92
DA2 7ND,51.8,0.79
DA2 7PE,55.9,0.81
DA3 7LG,56.5,0.86
DA9 9QT,57.3,0.97
DA9 9BE,69.1,0.9
DA1 5LQ,70.2,0.99
DA10 0DW,63.3,0.77
DA2 7EB,61.7,0.82
DA2 7NG,58.2,0.81
DA2 7SP,55.9,0.79
DA1 2NE,64.8,0.85
DA5 2EL,56.9,0.82
DA2 8AU,59.4,0.68
DA5 2BL,61.9,0.68
DA2 7JQ,64.6,0.82
DA1 4AF,62.0,0.82
DA2 7GB,65.9,0.81
DA1 5HW,65.6,0.92
DA2 6LY,59.9,0.79
DA10 0AT,57.0,0.62
DA3 7LN,61.7,0.96
DA10 0LU,54.7,0.62
DA9 9XL,52.0,0.53
DA2 7RS,58.7,0.84
DA9 9PA,61.7,0.92
DA2 6PF,67.2,1.01
DA4 9HG,53.6,0.61
DA2 8ED,46.3,0.54
DA9 9FD,73.9,1.04
DA9 9YJ,83.6,1.09
DA1 5QF,68.5,1.01
DA1 3BY,61.0,0.68
DA10 0HP,58.2,0.64
DA2 7RD,62.9,0.81
DA2 7LP,58.4,0.81
DA1 2UR,80.8,1.04
DA10 1BU,84.3,1.18
DA1 5JL,68.1,0.86
DA1 2BZ,70.2,1.1
DA1 3AH,60.9,0.7
DA3 7PA,54.7,0.85
DA1 5TA,83.8,1.16
DA5 2EH,55.1,0.69
DA9 9DE,60.0,0.8
DA10 0BT,65.3,0.83
DA1 3BP,51.2,0.62
DA1 1QB,68.7,1.01
DA2 7JN,60.4,0.68
DA2 7SG,58.0,0.75
DA3 7LT,49.7,0.84
DA1 5FZ,83.1,1.14
DA1 1NG,64.0,1.01
DA9 9TA,79.5,1.05
DA1 4AQ,62.0,0.75
DA2 7QH,24.0,0.59
DA1 5DF,62.3,0.86
DA3 7HU,70.0,1.0
DA1 3BD,52.6,0.68
DA1 2BP,78.2,1.0
DA1 2JH,68.4,0.79
DA10 0DP,74.2,0.97
DA3 7JP,58.3,0.82
DA1 5EZ,58.0,0.83
DA10 0AL,55.7,0.62
DA2 6NJ,73.7,0.97
DA1 2QS,63.8,0.76
DA10 0HW,56.1,0.64
DA1 2BW,79.7,1.03
DA5 2HW,61.4,0.82
DA10 0JB,63.2,0.78
DA9 9EX,62.0,0.8
DA10 0BS,35.0,0.61
DA1 5JJ,63.7,0.96
DA1 1YS,55.8,0.55
DA4 9ES,63.8,1.0
DA10 0AJ,56.3,0.68
DA9 9DS,70.9,0.99
DA1 2NU,47.6,0.65
DA2 6HP,67.9,1.0
DA1 2BF,79.2,1.0
DA2 7AX,63.7,0.93
DA2 8BQ,62.0,0.77
DA1 2PQ,53.6,0.69
DA3 7JG,61.9,0.93
DA9 9GX,75.8,1.04
DA2 7LD,68.6,1.01
DA1 1LW,69.9,0.98
DA1 5QX,82.4,1.17
DA9 9RG,73.6,1.04
DA1 2ST,60.6,0.65
DA10 1AT,84.0,1.18
DA1 2HZ,53.0,0.66
DA1 5DL,58.0,0.89
DA1 3DE,58.6,0.68
DA13 9NZ,64.8,0.98
DA2 7AL,58.6,0.9
DA1 5HB,69.7,0.97
DA1 2LX,63.6,0.85
DA5 2JZ,74.8,1.04
DA2 7EA,62.8,0.69
DA2 8DT,53.0,0.51
DA1 5SU,69.3,0.95
DA2 6FS,77.8,1.15
DA5 2JD,56.9,0.84
DA1 5UJ,83.0,1.17
DA2 7WT,75.7,1.03
DA1 1QN,55.7,0.75
DA1 5BJ,69.8,0.99
DA9 9BW,56.5,0.68
DA1 5NU,72.3,1.01
DA2 7RJ,59.5,0.73
DA9 9ER,55.6,0.67
DA2 8DS,49.5,0.64
DA10 0FG,83.3,1.08
DA2 7BH,65.0,0.98
DA1 5WR,83.1,1.18
DA5 2HJ,64.3,1.01
DA2 6GW,67.3,1.02
DA1 3QL,60.0,0.76
DA10 0JH,63.4,0.82
DA10 1EP,82.8,1.08
DA1 1RD,55.6,0.67
DA1 5TE,82.2,1.16
DA5 2HE,59.7,0.73
DA10 1ES,84.2,1.18
DA2 8DJ,57.5,0.7
DA4 9ET,67.8,0.99
DA2 7WW,75.8,1.07
DA1 5GL,78.0,1.05
DA2 7RE,64.0,0.7
DA1 5DU,67.5,0.93
DA2 6JH,61.4,0.81
DA1 3NG,56.8,0.67
DA1 1NW,79.5,1.13
DA10 0HY,59.8,0.79
DA1 3LA,58.0,0.73
DA9 9QR,68.0,0.97
DA2 6JP,65.2,0.97
DA2 7NJ,50.4,0.68
DA2 6HX,68.2,0.83
DA1 5JX,70.0,0.99
DA2 7EG,62.0,0.84
DA5 2ED,56.8,0.7
DA9 9FA,86.2,1.18
DA10 0AE,69.9,0.91
DA2 8AX,65.6,0.93
DA1 2TT,67.0,0.79
DA2 7AA,54.0,0.83
DA1 2ED,54.0,0.69
DA2 7DY,59.6,0.78
DA9 9BG,63.2,0.92
DA1 5HD,65.8,0.93
DA4 9EP,60.1,0.98
DA3 7NH,61.9,0.92
DA1 2PB,64.4,0.69
DA9 9JA,64.0,1.0
DA1 1JJ,54.2,0.79
DA10 1FD,84.1,1.18
DA5 2BD,41.8,0.71
DA1 3HH,56.8,0.63
DA1 1RE,61.7,1.0
DA1 3BQ,57.3,0.72
DA9 9JU,51.3,0.69
DA9 9NT,56.3,0.79
DA5 2BN,55.5,0.94
DA2 6RW,61.6,0.89
DA1 5RU,81.4,1.17
DA10 0EF,70.0,1.0
DA13 9QD,69.7,0.85
DA1 2NB,53.4,0.58
DA1 3DB,66.1,0.93
DA2 7RL,57.0,0.79
DA10 1ER,85.0,1.15
DA5 2EF,56.9,0.68
DA9 9JL,66.1,0.95
DA1 2DB,70.0,0.88
DA13 9LN,79.0,1.08
DA10 0EN,71.7,0.94
DA2 6JD,54.5,0.7
DA2 7WB,73.0,1.03
DA2 7ST,69.7,1.01
DA1 3NA,55.0,0.72
DA1 3DF,58.5,0.71
DA2 6RJ,70.1,0.9
DA1 1PZ,63.6,0.7
DA1 1AT,82.8,1.18
DA10 0LR,56.8,0.59
DA3 7JB,60.0,0.86
DA3 7AE,44.8,0.7
DA13 9LJ,51.8,0.81
DA9 9BF,63.3,0.82
DA13 9NL,50.9,0.62
DA1 1UL,59.5,0.73
DA10 1EZ,84.2,1.13
DA2 6RF,69.7,0.9
DA1 2LS,57.8,0.73
DA2 7WA,66.8,0.96
DA2 6RX,63.3,0.93
DA1 5NZ,63.0,0.86
DA2 8AA,45.7,0.91
DA13 9QA,53.0,0.59
DA2 6DL,59.5,0.71
DA1 3QF,56.0,0.75
DA2 6AJ,58.0,0.67
DA9 9RP,73.0,1.05
DA10 0JJ,60.0,0.85
DA10 0BL,54.0,0.75
DA1 1PT,54.5,0.53
DA2 6PB,78.0,1.05
DA1 1QZ,62.5,0.83
DA2 7RG,64.0,0.69
DA10 0NF,55.8,0.95
DA10 0HL,57.0,0.75
DA5 2HT,61.5,0.83
DA2 7HL,73.0,1.05
DA10 1FE,83.5,1.18
DA9 9NH,57.0,0.82
DA14 5AT,60.5,0.91
DA2 8AY,40.5,0.51
DA10 0DX,70.0,0.95
DA10 0DL,74.2,0.93
DA2 8AZ,56.9,0.64
DA10 0JN,58.7,0.81
DA5 2HS,63.4,0.87
DA1 1RY,63.5,0.62
DA9 9TF,75.6,1.05
DA1 3BH,57.8,0.62
DA1 2ET,60.3,0.73
DA9 9TG,77.2,1.05
DA1 2SS,62.5,0.72
DA1 5PH,65.6,1.0
DA1 2SU,67.0,0.98
DA2 6EP,60.3,0.62
DA1 1RN,62.0,0.77
DA1 3BX,46.0,0.64
DA2 6BP,73.0,1.04
DA9 9JS,51.0,0.69
DA5 2EJ,57.1,0.71
DA2 7AH,47.5,0.57
DA10 0LQ,37.0,0.45
DA9 9XH,71.2,1.04
DA10 1DZ,89.2,1.17
DA2 7RH,48.3,0.7
DA9 9AU,57.8,0.79
DA13 9NQ,63.0,0.89
DA1 3AT,61.0,0.77
DA1 5QE,79.3,0.99
DA9 9RN,66.0,1.04
DA9 9LL,70.9,0.84
DA2 7JX,67.8,1.01
DA10 1FY,83.8,1.18
DA9 9QG,64.0,0.93
DA1 2BT,69.3,0.89
DA1 1RW,61.5,0.63
DA1 2AS,40.0,0.43
DA1 5TJ,83.5,1.18
DA4 9BJ,67.8,0.92
DA2 8DR,47.5,0.57
DA3 7AQ,67.0,0.75
DA1 1PP,52.4,0.68
DA2 8AE,59.0,0.7
DA13 9QB,71.0,1.02
DA10 0DT,62.0,0.91
DA2 7TH,66.0,0.98
DA2 6BL,56.3,0.72
DA2 7JE,54.0,0.66
DA2 7HU,61.5,0.76
DA5 2EP,59.0,0.87
DA13 9QQ,69.0,0.9
DA3 7JJ,66.5,0.88
DA1 5NT,57.0,0.82
DA1 5TS,84.0,1.18
DA2 7AE,67.3,1.0
DA9 9RH,51.0,0.59
DA10 0EQ,67.5,0.88
DA2 7PY,57.0,0.52
DA2 7DQ,59.0,0.68
DA1 1BG,49.0,0.67
DA13 9QE,64.6,0.82
DA2 7HH,57.0,0.74
DA1 5LA,68.2,0.91
DA1 1QF,62.0,0.9
DA10 0JS,54.5,0.77
DA1 1AY,83.2,1.1
DA9 9QQ,66.2,0.97
DA2 6PU,52.0,0.72
DA2 7PS,58.5,0.94
DA1 5EN,67.0,0.93
DA1 2PN,74.8,0.95
DA2 6LA,65.8,0.89
DA13 9AN,84.0,1.13
DA10 1AW,84.2,1.17
DA3 7HX,63.0,0.99
DA3 7AT,68.0,0.94
DA5 2HL,60.0,0.76
DA13 9NE,70.5,1.02
DA2 6PS,36.6,0.65
DA2 8AB,22.0,0.51
DA2 7HB,61.2,0.74
DA1 5HH,81.2,1.12
DA1 2NY,60.5,0.82
DA2 7DG,45.0,0.36
DA1 2RE,81.3,1.01
DA1 1QH,63.4,0.78
DA2 7JA,61.4,0.79
DA10 0EX,76.0,1.02
DA10 1FN,84.3,1.14
DA1 5NN,73.2,0.93
DA2 7PR,51.7,0.72
DA10 1FW,83.7,1.18
DA2 7LS,71.0,0.87
DA1 4GN,91.0,1.19
DA2 7BT,56.2,0.8
DA1 1SQ,53.7,0.68
DA1 2DL,82.3,1.09
DA10 0FB,85.2,1.18
DA5 2HF,60.2,0.88
DA2 7GA,74.0,1.04
DA2 8EH,36.6,0.78
DA10 1FX,83.8,1.18
DA1 1PX,49.3,0.74
DA13 9NX,71.0,0.96
DA1 5PN,37.5,0.6
DA2 6NF,58.8,0.74
DA2 7JG,59.0,0.97
DA2 7EJ,37.0,0.65
DA5 2HB,61.5,0.92
DA3 7PG,58.0,0.78
DA1 1EN,39.0,0.6
DA4 9HA,55.0,0.69
DA2 7JD,44.0,0.78
DA1 2PH,60.4,0.73
DA2 7DN,65.0,0.94
DA2 7QY,58.0,0.68
DA2 6JL,63.0,0.88
DA2 8DL,53.0,0.38
DA2 7AJ,61.0,0.82
DA13 9PU,56.0,0.88
DA10 1AL,84.2,1.17
DA1 3ET,57.3,0.8
DA3 7HY,66.6,1.0
DA1 5HS,73.0,1.03
DA1 2RD,81.5,1.0
DA1 1HS,21.7,0.44
DA2 6FN,77.0,1.15
DA5 2BB,60.0,0.8
DA2 8AF,25.5,0.65
DA9 9US,77.5,1.07
DA1 1DJ,59.2,0.72
DA1 1LR,50.0,0.47
DA1 5NQ,57.5,0.67
DA13 9LL,56.0,0.68
DA1 1BZ,1.0,0.3
DA2 7HT,50.0,0.6
DA2 7QP,58.0,0.82
DA1 5AE,56.5,0.43
DA2 6AA,55.0,0.68
DA3 7PP,74.3,1.05
DA2 7HJ,37.8,0.64
DA1 2RR,69.0,1.01
DA1 2US,73.6,1.02
DA2 8DY,65.0,0.69
DA5 2EU,69.5,0.95
DA4 9JA,50.7,0.72
DA2 8AJ,83.5,1.16
DA9 9NP,49.5,0.46
DA1 5LN,62.3,0.99
DA1 1SP,59.8,0.67
DA10 0EE,71.0,1.04
DA9 9AX,50.7,0.71
DA2 8DW,42.0,0.62
DA2 7AB,33.0,0.76
DA2 7DB,63.3,0.94
DA13 9NJ,47.0,0.57
NW8 0DH,83.0,1.0
DA1 5QW,68.5,0.98
DA10 0FH,83.7,1.15
DA10 1FQ,84.1,1.1
DA1 4GP,87.2,1.09
DA9 9UX,86.0,1.17
DA2 6DP,53.0,0.89
DA1 1AZ,83.2,1.09
DA2 7RB,51.5,0.81
DA1 1RX,67.0,0.93
DA10 0JZ,64.0,0.86
DA10 1GG,84.0,1.17
DA2 7SE,72.0,1.07
BR8 7PG,41.0,0.74
DA2 7BA,35.0,0.76
DA1 5DS,66.0,0.72
DA3 7PE,63.5,0.83
DA4 9ED,62.0,0.88
DA10 1ET,85.4,1.16
DA5 2EZ,58.0,0.84
DA10 0HR,51.5,0.59
DA4 9HZ,67.0,0.75
DA2 8AN,59.5,0.69
DA1 1LP,53.7,0.77
DA9 9BL,58.0,0.71
DA2 8AG,64.0,0.77
DA2 8DZ,31.0,0.72
DA9 9LF,78.0,1.03
DA13 9QF,53.0,0.5
DA13 9NA,37.3,0.69
DA1 1BE,72.0,0.76
DA13 9LY,24.5,0.49
DA2 7QZ,86.0,1.18
DA2 6NQ,37.0,0.73
DA3 8LE,30.5,0.55
DA5 2JT,63.5,0.82
DA1 1NL,57.0,0.75
DA13 9NT,46.0,0.72
DA10 1FS,83.8,1.08
DA10 1GA,83.9,1.18
DA13 9NH,30.0,0.34
DA1 1AX,83.5,1.09
DA2 7EZ,80.8,1.14
DA5 2DG,70.0,1.04
DA9 9YW,84.5,1.18
DA1 3JA,62.0,0.82
DA10 0JF,53.0,0.99
DA10 0ET,63.5,0.95
DA1 5BU,45.0,0.86
DA1 5XL,85.0,1.08
DA1 1HN,61.0,0.8
DA10 0FD,84.9,1.18
DA9 9YL,85.2,1.15
DA1 1DT,61.8,1.02
DA1 7AD,72.0,1.05
DA1 2FN,83.0,1.18
DA10 0FE,84.0,1.08
DA1 1BL,84.5,1.18
DA1 2FL,54.3,1.11
DA1 1EZ,54.3,1.06
DA1 1BJ,81.7,1.08
DA1 1EX,66.5,1.04
DA2 7HD,53.0,0.85
DA2 7EE,64.0,0.89
DA10 1FP,84.8,1.16
DA10 1FB,84.0,1.18
DA1 1DA,79.0,1.1
DA10 1FA,83.0,1.18
DA9 9AR,55.0,0.79
DA9 9YP,83.8,1.09
DA10 1EY,84.0,1.18
DA14 5AS,54.0,0.96
